-- phpMyAdmin SQL Dump
-- version 5.2.2deb2
-- https://www.phpmyadmin.net/
--
-- Hôte : localhost:3306
-- Généré le : dim. 03 mai 2026 à 21:14
-- Version du serveur : 8.4.8-0ubuntu0.25.10.1
-- Version de PHP : 8.4.11

SET SQL_MODE = "NO_AUTO_VALUE_ON_ZERO";
START TRANSACTION;
SET time_zone = "+00:00";


/*!40101 SET @OLD_CHARACTER_SET_CLIENT=@@CHARACTER_SET_CLIENT */;
/*!40101 SET @OLD_CHARACTER_SET_RESULTS=@@CHARACTER_SET_RESULTS */;
/*!40101 SET @OLD_COLLATION_CONNECTION=@@COLLATION_CONNECTION */;
/*!40101 SET NAMES utf8mb4 */;

--
-- Base de données : `tp-rendu`
--

-- --------------------------------------------------------

--
-- Structure de la table `Bien`
--

CREATE TABLE `Bien` (
  `Number` int NOT NULL,
  `type` varchar(4) DEFAULT NULL,
  `nature` varchar(6) DEFAULT NULL,
  `superficie` int DEFAULT NULL,
  `jardin` varchar(6) DEFAULT NULL,
  `garage` varchar(6) DEFAULT NULL,
  `secteurID` int DEFAULT NULL,
  `CP` varchar(5) DEFAULT NULL,
  `depId` int NOT NULL,
  `prix estimation` varchar(15) DEFAULT NULL,
  `prix vente` varchar(10) DEFAULT NULL,
  `date annonce` date DEFAULT NULL,
  `date vente` varchar(10) DEFAULT NULL
) ENGINE=InnoDB DEFAULT CHARSET=utf8mb3;

--
-- Déchargement des données de la table `Bien`
--

INSERT INTO `Bien` (`Number`, `type`, `nature`, `superficie`, `jardin`, `garage`, `secteurID`, `CP`, `depId`, `prix estimation`, `prix vente`, `date annonce`, `date vente`) VALUES
(1, 'T2', 'app', 177, '0', 'non', 1, '87000', 1, '267200.00 ', '293235.51 ', '2013-10-25', '2015-02-28'),
(2, 'T2', 'app', 177, '0', 'non', 1, '87280', 1, '267210.00 ', '264537.90 ', '2014-01-27', '2015-05-07'),
(3, 'T2', 'app', 176, '0', 'oui', 1, '87000', 1, '382101.00 ', '294217.77 ', '2014-01-09', '2014-11-08'),
(4, 'T2', 'app', 174, '0', 'oui', 2, '19360', 2, '275132.00 ', '250370.12 ', '2014-01-24', '2014-10-02'),
(5, 'T2', 'app', 173, '0', 'non', 1, '87100', 1, '318417.00 ', '264286.11 ', '2014-06-04', '2015-01-13'),
(6, 'T2', 'app', 170, '0', 'oui', 2, '87450', 1, '250644.00 ', '220566.72 ', '2014-03-20', '2015-06-10'),
(7, 'T2', 'app', 168, '0', 'non', 1, '87800', 1, '240470.00 ', '206804.20 ', '2013-12-18', '2014-05-06'),
(8, 'T2', 'app', 167, '0', 'non', 1, '87450', 1, '196892.00 ', '187047.40 ', '2014-02-14', '2014-12-05'),
(9, 'T2', 'app', 166, '0', 'oui', 3, '19100', 2, '371691.00 ', '301069.71 ', '2014-03-05', '2014-05-05'),
(10, 'T2', 'app', 163, '0', 'non', 1, '19360', 2, '180809.00 ', '179000.91 ', '2014-04-09', '2015-07-27'),
(11, 'T2', 'app', 162, '0', 'non', 3, '19100', 2, '359192.00 ', '348416.24 ', '2013-12-20', '2014-05-20'),
(12, 'T2', 'app', 161, '0', 'non', 1, '87000', 1, '230145.00 ', '230145.00 ', '2014-06-20', '2015-06-29'),
(13, 'T2', 'app', 161, '0', 'non', 2, '87000', 1, '196684.00 ', '165214.56 ', '2014-02-12', '2015-04-05'),
(14, 'T2', 'app', 160, '0', 'non', 1, '87000', 1, '294378.00 ', '261996.42 ', '2014-04-27', '2015-01-22'),
(15, 'T2', 'app', 159, '0', 'oui', 3, '87800', 1, '222711.00 ', '193758.57 ', '2013-10-28', '2015-02-17'),
(16, 'T2', 'app', 157, '0', 'non', 1, '87450', 1, '314176.00 ', '276474.88 ', '2014-07-26', '2016-03-24'),
(17, 'T2', 'app', 157, '0', 'non', 2, '87800', 1, '228956.00 ', '226666.44 ', '2014-04-30', '2015-05-30'),
(18, 'T2', 'app', 156, '0', 'oui', 3, '87280', 1, '250339.00 ', '207781.37 ', '2014-02-13', '2015-05-30'),
(19, 'T2', 'app', 151, '0', 'oui', 3, '19360', 2, '372581.00 ', '372581.00 ', '2013-11-17', '2015-05-24'),
(20, 'T2', 'app', 151, '0', 'non', 1, '87450', 1, '348821.00 ', '313938.90 ', '2014-06-02', '2015-05-05'),
(21, 'T2', 'app', 150, '0', 'non', 1, '87100', 1, '340001.00 ', '282200.83 ', '2014-07-28', '2014-11-27'),
(22, 'T2', 'app', 144, '0', 'non', 1, '19100', 2, '302474.00 ', '272226.60 ', '2014-07-09', '2015-09-13'),
(23, 'T2', 'app', 142, '0', 'non', 2, '87100', 1, '336576.00 ', '252432.00 ', '2014-07-11', '2015-01-10'),
(24, 'T2', 'app', 141, '0', 'non', 3, '19360', 2, '307581.00 ', '267595.47 ', '2014-05-13', '2015-04-29'),
(25, 'T2', 'app', 141, '0', 'non', 1, '87280', 1, '190770.00 ', '144985.20 ', '2013-10-26', '2014-09-23'),
(26, 'T2', 'app', 139, '0', 'oui', 1, '87450', 1, '358184.00 ', '358184.00 ', '2013-11-30', '2014-05-20'),
(27, 'T2', 'app', 137, '0', 'non', 4, '87800', 1, '364207.00 ', '364207.00 ', '2014-03-03', '2015-05-18'),
(28, 'T2', 'app', 133, '0', 'oui', 2, '19100', 2, '377421.00 ', '366098.37 ', '2013-11-13', '2014-06-29'),
(29, 'T2', 'app', 133, '0', 'non', 1, '19360', 2, '344421.00 ', '265204.17 ', '2013-12-04', '2014-06-26'),
(30, 'T2', 'app', 131, '0', 'non', 1, '19100', 2, '349054.00 ', '307167.52 ', '2014-01-06', '2014-11-05'),
(31, 'T2', 'app', 128, '0', 'oui', 3, '19100', 2, '298200.00 ', '268380.00 ', '2013-12-03', '2014-07-21'),
(32, 'T2', 'app', 121, '0', 'non', 1, '87000', 1, '226497.00 ', '203847.30 ', '2014-03-24', '2015-08-25'),
(33, 'T2', 'app', 120, '0', 'oui', 1, '87100', 1, '306231.00 ', '263358.66 ', '2014-02-16', '2015-12-14'),
(34, 'T2', 'app', 119, '0', 'oui', 1, '23100', 3, '340505.00 ', '313264.60 ', '2013-12-22', '2015-07-27'),
(35, 'T2', 'app', 118, '0', 'non', 2, '19100', 2, '332456.00 ', '289236.72 ', '2014-06-05', '2015-03-04'),
(36, 'T2', 'app', 116, '0', 'non', 1, '87280', 1, '292456.00 ', '242738.48 ', '2013-09-20', '2014-01-16'),
(37, 'T2', 'app', 116, '0', 'oui', 3, '87450', 1, '179542.00 ', '141838.18 ', '2013-09-03', '2015-05-14'),
(38, 'T2', 'app', 113, '0', 'non', 4, '87280', 1, '229906.00 ', '227606.94 ', '2014-06-19', '2014-09-09'),
(39, 'T2', 'app', 110, '0', 'oui', 3, '23100', 3, '382603.00 ', '348168.73 ', '2014-01-25', '2014-08-24'),
(40, 'T2', 'app', 106, '0', 'oui', 1, '87000', 1, '166722.00 ', '155051.46 ', '2013-09-01', '2015-05-31'),
(41, 'T2', 'app', 105, '0', 'oui', 1, '87000', 1, '279994.00 ', '212795.44 ', '2013-09-19', '2015-06-17'),
(42, 'T2', 'app', 104, '0', 'non', 1, '87450', 1, '235871.00 ', '228794.87 ', '2014-06-22', '2016-05-01'),
(43, 'T2', 'app', 104, '0', 'oui', 1, '87100', 1, '252636.00 ', '209687.88 ', '2013-10-29', '2014-10-19'),
(44, 'T2', 'app', 104, '0', 'non', 4, '87000', 1, '209086.00 ', '169359.66 ', '2014-01-26', '2015-12-22'),
(45, 'T2', 'app', 102, '0', 'non', 4, '19100', 2, '278785.00 ', '275997.15 ', '2013-10-10', '2015-04-17'),
(46, 'T2', 'app', 102, '0', 'oui', 3, '23100', 3, '186223.00 ', '145253.94 ', '2014-01-08', '2014-11-27'),
(47, 'T2', 'app', 101, '0', 'non', 3, '87280', 1, '171507.00 ', '156071.37 ', '2014-03-02', '2014-09-20'),
(48, 'T2', 'app', 97, '0', 'non', 3, '87100', 1, '281508.00 ', '219576.24 ', '2013-10-09', '2014-02-11'),
(49, 'T2', 'app', 96, '0', 'non', 1, '87800', 1, '280456.00 ', '266433.20 ', '2014-08-13', '2014-11-16'),
(50, 'T2', 'app', 90, '0', 'non', 1, '23100', 3, '167263.00 ', '128792.51 ', '2013-12-05', '2015-06-12'),
(51, 'T2', 'app', 89, '0', 'non', 1, '87100', 1, '328706.00 ', '308983.64 ', '2013-09-05', '2014-12-15'),
(52, 'T2', 'app', 89, '0', 'oui', 3, '87280', 1, '301478.00 ', '271330.20 ', '2013-09-22', '2015-07-20'),
(53, 'T2', 'app', 88, '0', 'oui', 2, '19360', 2, '230491.00 ', '225881.18 ', '2014-01-07', '2014-12-22'),
(54, 'T2', 'app', 87, '0', 'non', 1, '87280', 1, '276957.00 ', '235413.45 ', '2014-04-28', '2015-10-30'),
(55, 'T2', 'app', 87, '0', 'non', 1, '87450', 1, '190877.00 ', '145066.52 ', '2013-09-23', '2014-03-08'),
(56, 'T2', 'app', 84, '0', 'non', 4, '19360', 2, '345657.00 ', '300721.59 ', '2013-12-21', '2015-01-11'),
(57, 'T2', 'app', 84, '0', 'non', 2, '87100', 1, '212497.00 ', '186997.36 ', '2014-04-25', '2015-11-24'),
(58, 'T2', 'app', 83, '0', 'non', 1, '19100', 2, '151470.00 ', '142381.80 ', '2014-08-15', '2015-05-29'),
(59, 'T2', 'app', 82, '0', 'non', 3, '19100', 2, '352778.00 ', '289277.96 ', '2014-08-12', '2016-02-26'),
(60, 'T2', 'app', 80, '0', 'oui', 2, '87100', 1, '103992.00 ', '89433.12 ', '2013-12-19', '2014-08-04'),
(61, 'T2', 'app', 79, '0', 'non', 1, '87000', 1, '301772.00 ', '250470.76 ', '2014-04-11', '2015-09-19'),
(62, 'T2', 'app', 79, '0', 'oui', 1, '19360', 2, '103462.00 ', '87942.70 ', '2014-03-06', '2015-06-11'),
(63, 'T2', 'app', 78, '0', 'non', 1, '87280', 1, '232982.00 ', '202694.34 ', '2014-04-12', '2014-06-24'),
(64, 'T2', 'app', 78, '0', 'non', 3, '87800', 1, '134886.00 ', '109257.66 ', '2014-07-27', '2014-11-15'),
(65, 'T2', 'app', 76, '0', 'non', 1, '87100', 1, '317658.00 ', '276362.46 ', '2014-07-08', '2015-05-30'),
(66, 'T2', 'app', 75, '0', 'non', 1, '87800', 1, '174315.00 ', '160369.80 ', '2014-07-10', '2016-01-30'),
(67, 'T2', 'app', 74, '0', 'non', 1, '87100', 1, '197848.00 ', '183998.64 ', '2014-08-14', '2015-07-25'),
(68, 'T2', 'app', 74, '0', 'non', 2, '87450', 1, '97813.00 ', '90966.09 ', '2014-07-06', '2015-06-14'),
(69, 'T2', 'app', 69, '0', 'non', 4, '87280', 1, '326304.00 ', '280621.44 ', '2014-07-25', '2015-09-05'),
(70, 'T2', 'app', 69, '0', 'non', 1, '23100', 3, '192035.00 ', '186273.95 ', '2014-02-11', '2014-05-30'),
(71, 'T2', 'app', 69, '0', 'non', 1, '87800', 1, '181556.00 ', '148875.92 ', '2014-04-24', '2014-08-13'),
(72, 'T2', 'app', 68, '0', 'oui', 1, '87100', 1, '193274.00 ', '148820.98 ', '2014-03-04', '2015-07-29'),
(73, 'T2', 'app', 68, '0', 'non', 3, '87280', 1, '130245.00 ', '121127.85 ', '2014-06-21', '2014-08-21'),
(74, 'T2', 'app', 67, '0', 'oui', 1, '87100', 1, '381587.00 ', '372581.00 ', '2014-03-22', '2014-10-20'),
(75, 'T2', 'app', 67, '0', 'non', 1, '87800', 1, '99041.00 ', '95079.36 ', '2014-02-15', '2014-05-07'),
(76, 'T2', 'app', 63, '0', 'non', 4, '87800', 1, '304919.00 ', '304919.00 ', '2013-09-04', '2015-07-14'),
(77, 'T2', 'app', 63, '0', 'oui', 2, '87280', 1, '307925.00 ', '230943.75 ', '2013-09-02', '2014-09-17'),
(78, 'T2', 'app', 62, '0', 'oui', 3, '87000', 1, '192027.00 ', '170904.03 ', '2013-12-23', '2015-04-29'),
(79, 'T2', 'app', 61, '0', 'non', 1, '87100', 1, '347605.00 ', '285036.10 ', '2014-01-29', '2014-11-13'),
(80, 'T2', 'app', 177, '0', 'non', 1, '87450', 1, '139295.00 ', '139295.00 ', '2014-04-29', '2016-03-14'),
(81, 'T2', 'app', 176, '0', 'non', 1, '87800', 1, '152654.00 ', '122123.20 ', '2014-06-23', '2015-12-28'),
(82, 'T2', 'app', 175, '0', 'non', 1, '87280', 1, '202210.00 ', '151657.50 ', '2013-10-06', '2015-08-20'),
(83, 'T2', 'app', 174, '0', 'oui', 3, '87100', 1, '137197.00 ', '119361.39 ', '2014-04-07', '2016-02-13'),
(84, 'T2', 'app', 173, '0', 'non', 2, '87100', 1, '60117.00 ', '57712.32 ', '2013-12-02', '2015-07-17'),
(85, 'T2', 'app', 170, '0', 'oui', 3, '87800', 1, '65936.00 ', '56704.96 ', '2013-11-14', '2014-03-08'),
(86, 'T2', 'app', 167, '30', 'oui', 1, '87000', 1, '151295.00 ', '133139.60 ', '2013-08-18', '2014-07-29'),
(87, 'T2', 'app', 167, '0', 'non', 1, '87800', 1, '126501.00 ', '117645.93 ', '2014-06-03', '2015-03-19'),
(88, 'T2', 'app', 167, '0', 'non', 1, '87800', 1, '114066.00 ', '93534.12 ', '2013-09-24', '2014-11-29'),
(89, 'T2', 'app', 165, '0', 'non', 1, '19100', 2, '180870.00 ', '135652.50 ', '2014-03-23', '2014-07-20'),
(90, 'T2', 'app', 164, '0', 'non', 2, '87000', 1, '126301.00 ', '98514.78 ', '2013-09-21', '2014-10-27'),
(91, 'T2', 'app', 162, '0', 'oui', 2, '87800', 1, '183535.00 ', '157840.10 ', '2013-10-08', '2014-02-24'),
(92, 'T2', 'app', 160, '0', 'oui', 1, '87800', 1, '175831.00 ', '147698.04 ', '2013-10-11', '2014-01-01'),
(93, 'T2', 'app', 159, '0', 'oui', 3, '87800', 1, '86898.00 ', '74732.28 ', '2014-03-21', '2015-01-18'),
(94, 'T2', 'app', 159, '0', 'non', 1, '19100', 2, '63243.00 ', '58815.99 ', '2014-07-29', '2015-10-21'),
(95, 'T2', 'app', 157, '0', 'non', 1, '87000', 1, '126865.00 ', '119253.10 ', '2014-05-15', '2015-07-05'),
(96, 'T2', 'app', 154, '0', 'non', 1, '87000', 1, '154120.00 ', '129460.80 ', '2014-05-17', '2016-02-24'),
(97, 'T2', 'app', 152, '0', 'non', 3, '87800', 1, '129948.00 ', '106557.36 ', '2014-07-07', '2014-09-09'),
(98, 'T2', 'app', 152, '0', 'non', 2, '87000', 1, '117273.00 ', '90300.21 ', '2014-05-31', '2015-06-22'),
(99, 'T2', 'app', 140, '0', 'oui', 1, '87100', 1, '139302.00 ', '107262.54 ', '2013-11-12', '2014-03-07'),
(100, 'T2', 'app', 136, '0', 'non', 1, '87450', 1, '156350.00 ', '134461.00 ', '2013-10-07', '2014-12-30'),
(101, 'T2', 'app', 135, '0', 'non', 4, '23100', 3, '150875.00 ', '120700.00 ', '2014-05-14', '2015-02-03'),
(102, 'T2', 'app', 134, '0', 'oui', 3, '87800', 1, '94567.00 ', '73762.26 ', '2014-01-28', '2015-09-26'),
(103, 'T2', 'app', 129, '0', 'non', 3, '87280', 1, '97414.00 ', '90595.02 ', '2014-05-16', '2015-03-03'),
(104, 'T2', 'app', 128, '0', 'oui', 2, '87450', 1, '141297.00 ', '113037.60 ', '2013-10-27', '2014-10-19'),
(105, 'T2', 'app', 127, '0', 'non', 3, '87280', 1, '93839.00 ', '90085.44 ', '2014-06-01', '2016-03-13'),
(106, 'T2', 'app', 122, '0', 'non', 1, '19100', 2, '65112.00 ', '50787.36 ', '2013-11-16', '2014-02-22'),
(107, 'T2', 'app', 115, '0', 'non', 4, '87100', 1, '66122.00 ', '60832.24 ', '2013-11-15', '2014-09-21'),
(108, 'T2', 'app', 114, '0', 'non', 1, '87800', 1, '130185.00 ', '110657.25 ', '2013-12-01', '2014-02-20'),
(109, 'T2', 'app', 113, '0', 'non', 1, '87280', 1, '95538.00 ', '90761.10 ', '2014-01-10', '2015-08-26'),
(110, 'T2', 'app', 108, '0', 'oui', 2, '87000', 1, '95689.00 ', '83249.43 ', '2014-03-01', '2014-07-10'),
(111, 'T2', 'app', 102, '0', 'oui', 3, '23100', 3, '122545.00 ', '96810.55 ', '2014-04-10', '2015-07-24'),
(112, 'T2', 'app', 92, '0', 'non', 3, '19100', 2, '63101.00 ', '55528.88 ', '2014-04-26', '2014-12-30'),
(113, 'T2', 'app', 91, '0', 'non', 3, '87000', 1, '104620.00 ', '79511.20 ', '2014-06-18', '2015-05-31'),
(114, 'T2', 'app', 82, '0', 'oui', 3, '87100', 1, '60981.00 ', '53053.47 ', '2013-10-12', '2014-11-11'),
(115, 'T2', 'app', 71, '0', 'non', 4, '19100', 2, '81485.00 ', '61113.75 ', '2014-04-08', '2014-12-20'),
(116, 'T3', 'app', 179, '0', 'oui', 1, '87100', 1, '261792.00 ', '225141.12 ', '2013-10-19', '2015-05-11'),
(117, 'T3', 'app', 175, '0', 'oui', 2, '87280', 1, '317254.00 ', '314081.46 ', '2013-12-31', '2014-12-11'),
(118, 'T3', 'app', 171, '0', 'oui', 3, '19100', 2, '353662.00 ', '293539.46 ', '2014-03-29', '2014-09-26'),
(119, 'T3', 'app', 168, '180', 'non', 4, '19100', 2, '259106.00 ', '243559.64 ', '2013-08-23', '2015-07-02'),
(120, 'T3', 'app', 167, '250', 'oui', 2, '87800', 1, '321094.00 ', '272929.90 ', '2013-08-21', '2013-11-05'),
(121, 'T3', 'app', 165, '0', 'non', 4, '19100', 2, '342340.00 ', '277295.40 ', '2014-01-14', '2015-03-15'),
(122, 'T3', 'app', 154, '0', 'non', 4, '19100', 2, '166804.00 ', '158463.80 ', '2014-05-02', '2014-12-07'),
(123, 'T3', 'app', 151, '0', 'oui', 3, '87800', 1, '368095.00 ', '287114.10 ', '2013-11-05', '2015-01-09'),
(124, 'T3', 'app', 151, '0', 'non', 3, '19360', 2, '262415.00 ', '244045.95 ', '2014-04-19', '2014-12-25'),
(125, 'T3', 'app', 150, '0', 'oui', 1, '87800', 1, '383580.00 ', '379744.20 ', '2014-03-30', '2015-07-18'),
(126, 'T3', 'app', 148, '0', 'non', 3, '87000', 1, '342985.00 ', '308686.50 ', '2014-05-25', '2015-02-23'),
(127, 'T3', 'app', 148, '0', 'non', 3, '87100', 1, '262653.00 ', '202242.81 ', '2014-05-04', '2016-03-11'),
(128, 'T3', 'app', 139, '0', 'oui', 3, '19360', 2, '234972.00 ', '202075.92 ', '2013-09-10', '2014-12-08'),
(129, 'T3', 'app', 135, '0', 'non', 1, '87280', 1, '198414.00 ', '196429.86 ', '2014-02-03', '2014-05-08'),
(130, 'T3', 'app', 130, '0', 'non', 1, '19360', 2, '306326.00 ', '275693.40 ', '2014-05-06', '2015-11-08'),
(131, 'T3', 'app', 128, '0', 'oui', 2, '87450', 1, '258923.00 ', '199370.71 ', '2013-12-14', '2015-01-08'),
(132, 'T3', 'app', 126, '0', 'non', 1, '87100', 1, '359184.00 ', '319673.76 ', '2014-06-14', '2016-02-09'),
(133, 'T3', 'app', 125, '0', 'non', 4, '87800', 1, '268537.00 ', '228256.45 ', '2014-07-01', '2016-02-22'),
(134, 'T3', 'app', 122, '0', 'non', 1, '19100', 2, '227374.00 ', '184172.94 ', '2014-06-08', '2015-12-16'),
(135, 'T3', 'app', 118, '0', 'non', 4, '87280', 1, '149536.00 ', '140563.84 ', '2014-05-26', '2015-01-12'),
(136, 'T3', 'app', 117, '190', 'oui', 1, '19360', 2, '371489.00 ', '293476.31 ', '2013-08-24', '2014-12-24'),
(137, 'T3', 'app', 117, '0', 'non', 1, '19360', 2, '303754.00 ', '227815.50 ', '2014-07-20', '2016-04-24'),
(138, 'T3', 'app', 117, '0', 'non', 2, '23100', 3, '148237.00 ', '127483.82 ', '2014-05-24', '2014-11-20'),
(139, 'T3', 'app', 115, '0', 'oui', 3, '87280', 1, '279733.00 ', '262949.02 ', '2014-03-09', '2016-01-18'),
(140, 'T3', 'app', 114, '0', 'non', 1, '19360', 2, '316948.00 ', '301100.60 ', '2013-12-28', '2014-10-28'),
(141, 'T3', 'app', 114, '0', 'oui', 1, '87450', 1, '170096.00 ', '159890.24 ', '2014-03-12', '2014-06-20'),
(142, 'T3', 'app', 114, '0', 'non', 1, '87280', 1, '175723.00 ', '154636.24 ', '2013-12-13', '2014-08-14'),
(143, 'T3', 'app', 113, '0', 'oui', 3, '87450', 1, '343892.00 ', '312941.72 ', '2013-12-08', '2014-09-13'),
(144, 'T3', 'app', 113, '0', 'non', 1, '23100', 3, '185943.00 ', '165489.27 ', '2013-11-18', '2015-09-30'),
(145, 'T3', 'app', 111, '0', 'oui', 2, '87280', 1, '350591.00 ', '308520.08 ', '2014-02-05', '2014-08-27'),
(146, 'T3', 'app', 109, '0', 'non', 1, '87100', 1, '119783.00 ', '109002.53 ', '2014-07-02', '2015-07-01'),
(147, 'T3', 'app', 103, '0', 'non', 3, '19100', 2, '167611.00 ', '152526.01 ', '2014-07-19', '2015-06-27'),
(148, 'T3', 'app', 101, '0', 'non', 1, '87000', 1, '119744.00 ', '114954.24 ', '2014-08-07', '2015-03-25'),
(149, 'T3', 'app', 100, '0', 'non', 1, '87100', 1, '297215.00 ', '222911.25 ', '2014-03-31', '2015-07-13'),
(150, 'T3', 'app', 95, '0', 'oui', 3, '19100', 2, '374022.00 ', '302957.82 ', '2013-12-11', '2015-10-29'),
(151, 'T3', 'app', 92, '0', 'oui', 2, '87800', 1, '275265.00 ', '253243.80 ', '2013-09-14', '2015-07-16'),
(152, 'T3', 'app', 90, '0', 'non', 1, '19100', 2, '324553.00 ', '301834.29 ', '2014-01-30', '2014-12-24'),
(153, 'T3', 'app', 87, '0', 'non', 2, '23100', 3, '176346.00 ', '169292.16 ', '2014-05-07', '2015-11-27'),
(154, 'T3', 'app', 85, '0', 'oui', 1, '87000', 1, '348565.00 ', '278852.00 ', '2014-01-15', '2015-12-15'),
(155, 'T3', 'app', 85, '0', 'oui', 1, '23100', 3, '254923.00 ', '252373.77 ', '2013-09-11', '2014-05-04'),
(156, 'T3', 'app', 83, '0', 'non', 1, '19100', 2, '186013.00 ', '172992.09 ', '2013-11-07', '2015-06-09'),
(157, 'T3', 'app', 82, '0', 'non', 1, '87280', 1, '272592.00 ', '204444.00 ', '2014-05-18', '2015-07-04'),
(158, 'T3', 'app', 82, '0', 'non', 1, '87100', 1, '160805.00 ', '151156.70 ', '2014-04-17', '2015-03-13'),
(159, 'T3', 'app', 80, '0', 'non', 1, '87450', 1, '201877.00 ', '165539.14 ', '2014-02-20', '2014-12-24'),
(160, 'T3', 'app', 80, '0', 'non', 2, '87280', 1, '123544.00 ', '107483.28 ', '2014-06-12', '2015-07-12'),
(161, 'T3', 'app', 78, '0', 'oui', 2, '87280', 1, '346764.00 ', '287814.12 ', '2013-11-20', '2014-04-23'),
(162, 'T3', 'app', 78, '0', 'oui', 1, '87000', 1, '214295.00 ', '201437.30 ', '2014-02-02', '2014-06-21'),
(163, 'T3', 'app', 77, '0', 'non', 1, '23100', 3, '279469.00 ', '217985.82 ', '2014-06-27', '2016-05-17'),
(164, 'T3', 'app', 77, '0', 'non', 2, '87280', 1, '254266.00 ', '193242.16 ', '2014-06-29', '2015-01-10'),
(165, 'T3', 'app', 75, '0', 'non', 1, '87000', 1, '177245.00 ', '161292.95 ', '2013-09-12', '2013-12-27'),
(166, 'T3', 'app', 75, '0', 'non', 2, '87100', 1, '167357.00 ', '153968.44 ', '2013-12-26', '2014-08-04'),
(167, 'T3', 'app', 73, '0', 'non', 1, '87450', 1, '292624.00 ', '242877.92 ', '2014-08-03', '2015-01-07'),
(168, 'T3', 'app', 71, '0', 'oui', 1, '87280', 1, '367514.00 ', '301361.48 ', '2013-12-24', '2015-07-12'),
(169, 'T3', 'app', 68, '0', 'oui', 3, '19100', 2, '371289.00 ', '293318.31 ', '2013-09-06', '2015-03-28'),
(170, 'T3', 'app', 66, '0', 'oui', 3, '87000', 1, '282244.00 ', '231440.08 ', '2013-10-16', '2014-11-21'),
(171, 'T3', 'app', 66, '0', 'non', 4, '87800', 1, '196535.00 ', '176881.50 ', '2013-12-09', '2015-02-02'),
(172, 'T3', 'app', 65, '0', 'non', 1, '87450', 1, '80875.00 ', '65508.75 ', '2013-10-01', '2014-11-13'),
(173, 'T3', 'app', 62, '0', 'non', 1, '87280', 1, '362409.00 ', '340664.46 ', '2014-03-11', '2015-11-26'),
(174, 'T3', 'app', 60, '0', 'non', 3, '87000', 1, '192850.00 ', '179350.50 ', '2013-11-02', '2015-04-19'),
(175, 'T3', 'app', 179, '0', 'non', 1, '87100', 1, '79975.00 ', '63980.00 ', '2014-02-22', '2015-01-07'),
(176, 'T3', 'app', 177, '0', 'non', 1, '87450', 1, '120479.00 ', '103611.94 ', '2014-01-11', '2014-08-30'),
(177, 'T3', 'app', 172, '0', 'oui', 2, '19100', 2, '174062.00 ', '153174.56 ', '2014-02-17', '2015-11-06'),
(178, 'T3', 'app', 171, '0', 'non', 2, '19360', 2, '157436.00 ', '135394.96 ', '2014-07-30', '2015-07-13'),
(179, 'T3', 'app', 168, '0', 'non', 1, '87800', 1, '76634.00 ', '68970.60 ', '2013-10-18', '2014-09-26'),
(180, 'T3', 'app', 163, '0', 'oui', 3, '23100', 3, '105818.00 ', '85712.58 ', '2014-02-01', '2014-05-12'),
(181, 'T3', 'app', 162, '0', 'non', 1, '19360', 2, '192652.00 ', '161827.68 ', '2013-10-14', '2015-01-09'),
(182, 'T3', 'app', 162, '0', 'non', 1, '19100', 2, '176397.00 ', '153465.39 ', '2013-10-30', '2015-05-28'),
(183, 'T3', 'app', 159, '0', 'non', 2, '87100', 1, '85236.00 ', '80121.84 ', '2014-01-19', '2015-10-13'),
(184, 'T3', 'app', 148, '0', 'non', 1, '87000', 1, '61646.00 ', '61646.00 ', '2013-09-29', '2014-03-09'),
(185, 'T3', 'app', 146, '0', 'non', 4, '87800', 1, '161881.00 ', '139217.66 ', '2014-02-07', '2014-06-02'),
(186, 'T3', 'app', 145, '0', 'non', 1, '87280', 1, '103822.00 ', '79942.94 ', '2014-08-02', '2016-05-03'),
(187, 'T3', 'app', 140, '0', 'non', 1, '87280', 1, '58384.00 ', '50794.08 ', '2014-07-16', '2016-03-10'),
(188, 'T3', 'app', 134, '0', 'non', 3, '19100', 2, '99147.00 ', '83283.48 ', '2014-07-12', '2016-02-11'),
(189, 'T3', 'app', 131, '0', 'oui', 3, '87000', 1, '131050.00 ', '115324.00 ', '2014-01-01', '2015-05-04'),
(190, 'T3', 'app', 129, '0', 'non', 1, '19360', 2, '62074.00 ', '52142.16 ', '2014-06-26', '2014-11-25'),
(191, 'T3', 'app', 126, '0', 'non', 1, '23100', 3, '129611.00 ', '111465.46 ', '2014-07-14', '2015-11-13'),
(192, 'T3', 'app', 124, '0', 'oui', 3, '87100', 1, '79874.00 ', '67892.90 ', '2014-02-25', '2014-05-03'),
(193, 'T3', 'app', 111, '0', 'oui', 3, '19360', 2, '102190.00 ', '88905.30 ', '2014-04-02', '2015-08-04'),
(194, 'T3', 'app', 102, '0', 'non', 2, '87100', 1, '73983.00 ', '59926.23 ', '2014-06-24', '2016-04-12'),
(195, 'T3', 'app', 95, '0', 'non', 3, '87000', 1, '85900.00 ', '79028.00 ', '2013-11-26', '2015-09-26'),
(196, 'T3', 'app', 94, '0', 'oui', 1, '87100', 1, '96961.00 ', '81447.24 ', '2013-11-06', '2014-05-12'),
(197, 'T3', 'app', 94, '0', 'non', 1, '87100', 1, '79096.00 ', '75932.16 ', '2014-05-21', '2015-07-16'),
(198, 'T3', 'app', 94, '0', 'oui', 2, '87280', 1, '94406.00 ', '71748.56 ', '2014-03-25', '2015-07-04'),
(199, 'T3', 'app', 90, '0', 'non', 1, '19360', 2, '92935.00 ', '80853.45 ', '2013-11-24', '2014-08-08'),
(200, 'T3', 'app', 74, '0', 'oui', 1, '87000', 1, '84607.00 ', '71069.88 ', '2013-12-06', '2015-08-28'),
(201, 'T3', 'app', 67, '0', 'non', 3, '87800', 1, '58023.00 ', '54541.62 ', '2014-06-06', '2015-07-25'),
(202, 'T4', 'app', 178, '0', 'non', 1, '19100', 2, '339085.00 ', '278049.70 ', '2014-06-15', '2015-10-16'),
(203, 'T4', 'app', 178, '0', 'non', 1, '19360', 2, '302011.00 ', '226508.25 ', '2013-10-31', '2015-04-06'),
(204, 'T4', 'app', 178, '0', 'non', 4, '23100', 3, '264343.00 ', '216761.26 ', '2013-09-28', '2014-10-23'),
(205, 'T4', 'app', 175, '0', 'non', 1, '87000', 1, '301492.00 ', '301492.00 ', '2013-10-23', '2014-12-25'),
(206, 'T4', 'app', 175, '0', 'non', 3, '87000', 1, '275923.00 ', '237293.78 ', '2014-05-08', '2015-01-25'),
(207, 'T4', 'app', 173, '0', 'non', 4, '87100', 1, '349760.00 ', '276310.40 ', '2014-06-07', '2014-10-28'),
(208, 'T4', 'app', 168, '0', 'oui', 2, '87280', 1, '219508.00 ', '219508.00 ', '2013-12-07', '2014-07-22'),
(209, 'T4', 'app', 168, '0', 'non', 2, '87100', 1, '216575.00 ', '210077.75 ', '2014-07-18', '2015-01-19'),
(210, 'T4', 'app', 166, '100', 'non', 3, '87100', 1, '301877.00 ', '295839.46 ', '2013-08-22', '2015-01-08'),
(211, 'T4', 'app', 166, '0', 'non', 3, '19100', 2, '253132.00 ', '248069.36 ', '2014-06-25', '2015-01-07'),
(212, 'T4', 'app', 166, '0', 'oui', 2, '19100', 2, '247446.00 ', '244971.54 ', '2013-10-20', '2015-09-04'),
(213, 'T4', 'app', 163, '0', 'oui', 3, '87800', 1, '375381.00 ', '296550.99 ', '2014-02-21', '2015-10-31'),
(214, 'T4', 'app', 161, '0', 'non', 1, '19100', 2, '273971.00 ', '265751.87 ', '2013-11-23', '2014-07-20'),
(215, 'T4', 'app', 159, '0', 'non', 1, '87100', 1, '237239.00 ', '180301.64 ', '2013-08-30', '2014-02-20'),
(216, 'T4', 'app', 154, '0', 'non', 1, '23100', 3, '294386.00 ', '223733.36 ', '2014-07-21', '2016-01-27'),
(217, 'T4', 'app', 153, '0', 'non', 2, '87450', 1, '273195.00 ', '262267.20 ', '2014-05-19', '2015-03-31'),
(218, 'T4', 'app', 152, '0', 'non', 1, '87800', 1, '298313.00 ', '265498.57 ', '2013-11-11', '2014-09-21'),
(219, 'T4', 'app', 150, '0', 'non', 1, '87000', 1, '254389.00 ', '249301.22 ', '2014-03-10', '2014-09-12'),
(220, 'T4', 'app', 150, '0', 'non', 1, '87800', 1, '212072.00 ', '161174.72 ', '2014-01-21', '2014-10-29'),
(221, 'T4', 'app', 148, '0', 'oui', 1, '87000', 1, '215392.00 ', '200314.56 ', '2014-04-21', '2015-12-02'),
(222, 'T4', 'app', 147, '0', 'non', 1, '23100', 3, '312058.00 ', '302696.26 ', '2014-06-10', '2014-08-14'),
(223, 'T4', 'app', 145, '0', 'non', 1, '87280', 1, '367004.00 ', '278923.04 ', '2013-08-27', '2013-12-24'),
(224, 'T4', 'app', 144, '0', 'oui', 1, '19100', 2, '222517.00 ', '191364.62 ', '2014-02-26', '2015-10-08'),
(225, 'T4', 'app', 143, '0', 'non', 1, '19100', 2, '361534.00 ', '310919.24 ', '2014-05-22', '2016-02-07'),
(226, 'T4', 'app', 143, '0', 'non', 1, '19100', 2, '195135.00 ', '161962.05 ', '2014-05-05', '2014-07-09'),
(227, 'T4', 'app', 141, '0', 'non', 1, '87800', 1, '206666.00 ', '190132.72 ', '2014-01-18', '2015-11-05'),
(228, 'T4', 'app', 141, '0', 'non', 2, '23100', 3, '189883.00 ', '174692.36 ', '2013-10-15', '2014-11-04'),
(229, 'T4', 'app', 138, '0', 'non', 4, '19100', 2, '315492.00 ', '265013.28 ', '2013-09-16', '2015-05-07'),
(230, 'T4', 'app', 137, '0', 'oui', 1, '87450', 1, '213502.00 ', '177206.66 ', '2014-04-15', '2015-08-14'),
(231, 'T4', 'app', 129, '0', 'non', 1, '87800', 1, '304057.00 ', '282773.01 ', '2014-07-17', '2015-12-11'),
(232, 'T4', 'app', 128, '0', 'non', 1, '87000', 1, '362677.00 ', '337289.61 ', '2014-03-18', '2015-04-16'),
(233, 'T4', 'app', 128, '0', 'oui', 2, '87800', 1, '344976.00 ', '272531.04 ', '2014-03-13', '2014-10-26'),
(234, 'T4', 'app', 128, '0', 'oui', 3, '87800', 1, '170465.00 ', '132962.70 ', '2014-01-04', '2015-08-13'),
(235, 'T4', 'app', 125, '0', 'non', 4, '87280', 1, '229042.00 ', '196976.12 ', '2014-01-02', '2015-11-06'),
(236, 'T4', 'app', 125, '0', 'oui', 1, '87000', 1, '185996.00 ', '171116.32 ', '2013-12-30', '2015-03-10'),
(237, 'T4', 'app', 123, '0', 'non', 1, '19100', 2, '296356.00 ', '278574.64 ', '2014-05-30', '2015-09-23'),
(238, 'T4', 'app', 121, '0', 'oui', 3, '23100', 3, '191104.00 ', '154794.24 ', '2013-08-25', '2015-06-05'),
(239, 'T4', 'app', 121, '0', 'oui', 2, '19100', 2, '179878.00 ', '143902.40 ', '2014-04-18', '2015-12-14'),
(240, 'T4', 'app', 120, '0', 'non', 1, '23100', 3, '180211.00 ', '167596.23 ', '2014-03-07', '2015-11-03'),
(241, 'T4', 'app', 119, '0', 'oui', 3, '19100', 2, '347498.00 ', '347498.00 ', '2013-10-04', '2014-04-25'),
(242, 'T4', 'app', 117, '0', 'non', 3, '87100', 1, '205714.00 ', '166628.34 ', '2014-05-01', '2015-01-23'),
(243, 'T4', 'app', 116, '0', 'non', 1, '87000', 1, '354647.00 ', '329821.71 ', '2014-06-11', '2014-12-05'),
(244, 'T4', 'app', 116, '0', 'non', 3, '19100', 2, '312849.00 ', '247150.71 ', '2014-07-03', '2015-10-20'),
(245, 'T4', 'app', 115, '0', 'non', 3, '87000', 1, '383360.00 ', '383360.00 ', '2014-07-15', '2016-05-01'),
(246, 'T4', 'app', 114, '0', 'non', 1, '87100', 1, '296223.00 ', '248827.32 ', '2014-05-11', '2016-02-24'),
(247, 'T4', 'app', 114, '0', 'oui', 2, '87100', 1, '205373.00 ', '190996.89 ', '2013-10-03', '2013-12-17'),
(248, 'T4', 'app', 112, '0', 'non', 4, '87280', 1, '193036.00 ', '177593.12 ', '2013-11-03', '2015-05-17'),
(249, 'T4', 'app', 110, '0', 'oui', 1, '87450', 1, '191937.00 ', '159307.71 ', '2014-04-23', '2014-12-28'),
(250, 'T4', 'app', 106, '0', 'oui', 1, '87000', 1, '347638.00 ', '302445.06 ', '2013-10-05', '2014-12-18'),
(251, 'T4', 'app', 102, '0', 'non', 4, '23100', 3, '371009.00 ', '315357.65 ', '2014-04-20', '2015-09-12'),
(252, 'T4', 'app', 102, '0', 'oui', 1, '19360', 2, '261880.00 ', '201647.60 ', '2013-09-17', '2014-05-03'),
(253, 'T4', 'app', 101, '0', 'non', 4, '87280', 1, '149916.00 ', '139421.88 ', '2013-11-27', '2014-03-01'),
(254, 'T4', 'app', 100, '0', 'non', 1, '19100', 2, '316126.00 ', '262384.58 ', '2014-02-23', '2015-07-30'),
(255, 'T4', 'app', 100, '0', 'non', 2, '87000', 1, '130031.00 ', '124829.76 ', '2013-11-08', '2015-02-04'),
(256, 'T4', 'app', 98, '0', 'non', 4, '19100', 2, '274423.00 ', '274423.00 ', '2014-08-06', '2016-05-01'),
(257, 'T4', 'app', 98, '0', 'non', 2, '87450', 1, '278638.00 ', '242415.06 ', '2013-08-28', '2015-03-18'),
(258, 'T4', 'app', 98, '0', 'non', 1, '87000', 1, '156467.00 ', '151772.99 ', '2014-04-04', '2015-10-28'),
(259, 'T4', 'app', 98, '0', 'oui', 3, '87280', 1, '146252.00 ', '136014.36 ', '2013-11-29', '2014-11-20'),
(260, 'T4', 'app', 97, '0', 'oui', 1, '87100', 1, '168980.00 ', '136873.80 ', '2013-09-25', '2014-08-31'),
(261, 'T4', 'app', 96, '0', 'oui', 1, '87000', 1, '195025.00 ', '163821.00 ', '2013-08-26', '2014-04-10'),
(262, 'T4', 'app', 95, '0', 'non', 1, '23100', 3, '362596.00 ', '348092.16 ', '2013-12-29', '2014-10-17'),
(263, 'T4', 'app', 94, '0', 'oui', 1, '87100', 1, '168835.00 ', '143509.75 ', '2014-02-08', '2014-08-04'),
(264, 'T4', 'app', 91, '0', 'non', 3, '87100', 1, '307230.00 ', '273434.70 ', '2014-08-05', '2015-11-19'),
(265, 'T4', 'app', 90, '0', 'non', 4, '19100', 2, '99170.00 ', '90244.70 ', '2014-03-15', '2015-08-06'),
(266, 'T4', 'app', 89, '0', 'oui', 2, '23100', 3, '192188.00 ', '149906.64 ', '2013-11-25', '2014-04-11'),
(267, 'T4', 'app', 87, '0', 'non', 3, '87280', 1, '355848.00 ', '270444.48 ', '2014-08-08', '2015-04-12'),
(268, 'T4', 'app', 87, '0', 'non', 1, '87000', 1, '190202.00 ', '182593.92 ', '2014-02-04', '2014-09-16'),
(269, 'T4', 'app', 84, '0', 'non', 2, '23100', 3, '251064.00 ', '233489.52 ', '2014-06-17', '2016-02-01'),
(270, 'T4', 'app', 84, '0', 'oui', 3, '87280', 1, '135021.00 ', '126919.74 ', '2014-01-16', '2014-07-20'),
(271, 'T4', 'app', 83, '0', 'oui', 3, '19100', 2, '329767.00 ', '250622.92 ', '2014-01-20', '2015-01-19'),
(272, 'T4', 'app', 82, '0', 'non', 3, '87800', 1, '337569.00 ', '290309.34 ', '2014-05-28', '2015-05-07'),
(273, 'T4', 'app', 81, '0', 'non', 1, '87280', 1, '369698.00 ', '314243.30 ', '2014-05-09', '2014-09-26'),
(274, 'T4', 'app', 77, '0', 'non', 1, '87800', 1, '295097.00 ', '236077.60 ', '2014-04-16', '2016-02-05'),
(275, 'T4', 'app', 76, '0', 'oui', 1, '87280', 1, '265394.00 ', '230892.78 ', '2014-04-05', '2014-07-21'),
(276, 'T4', 'app', 75, '45', 'non', 1, '87280', 1, '316699.00 ', '243858.23 ', '2013-08-19', '2014-08-08'),
(277, 'T4', 'app', 75, '0', 'oui', 2, '87800', 1, '252362.00 ', '217031.32 ', '2014-01-12', '2014-12-08'),
(278, 'T4', 'app', 75, '0', 'non', 1, '87800', 1, '158478.00 ', '156893.22 ', '2014-05-03', '2014-09-21'),
(279, 'T4', 'app', 74, '0', 'oui', 3, '87280', 1, '306862.00 ', '285381.66 ', '2014-04-22', '2015-06-23'),
(280, 'T4', 'app', 74, '0', 'oui', 2, '19100', 2, '103263.00 ', '89838.81 ', '2013-09-09', '2014-11-25'),
(281, 'T4', 'app', 73, '0', 'oui', 3, '19360', 2, '252972.00 ', '220085.64 ', '2013-10-21', '2014-11-06'),
(282, 'T4', 'app', 72, '0', 'non', 1, '19360', 2, '184394.00 ', '177018.24 ', '2014-05-23', '2015-06-19'),
(283, 'T4', 'app', 72, '0', 'non', 1, '19360', 2, '93229.00 ', '88567.55 ', '2014-02-27', '2015-04-05'),
(284, 'T4', 'app', 70, '0', 'non', 3, '23100', 3, '237962.00 ', '183230.74 ', '2014-07-31', '2015-06-29'),
(285, 'T4', 'app', 68, '0', 'non', 1, '87000', 1, '283488.00 ', '280653.12 ', '2013-11-19', '2014-05-25'),
(286, 'T4', 'app', 67, '0', 'non', 3, '87450', 1, '86062.00 ', '72292.08 ', '2014-03-26', '2014-08-16'),
(287, 'T4', 'app', 66, '0', 'non', 2, '87280', 1, '167544.00 ', '139061.52 ', '2014-07-23', '2015-10-08'),
(288, 'T4', 'app', 64, '0', 'oui', 3, '87100', 1, '154235.00 ', '135726.80 ', '2014-03-14', '2014-12-23'),
(289, 'T4', 'app', 62, '0', 'non', 1, '87800', 1, '205075.00 ', '166110.75 ', '2013-09-07', '2013-12-05'),
(290, 'T4', 'app', 62, '0', 'non', 1, '87800', 1, '164593.00 ', '136612.19 ', '2013-10-02', '2014-07-21'),
(291, 'T4', 'app', 61, '0', 'non', 1, '87280', 1, '379690.00 ', '303752.00 ', '2013-09-13', '2015-02-21'),
(292, 'T4', 'app', 61, '0', 'oui', 1, '87450', 1, '89599.00 ', '74367.17 ', '2013-11-04', '2014-08-20'),
(293, 'T4', 'app', 60, '0', 'oui', 3, '19360', 2, '309109.00 ', '247287.20 ', '2013-09-27', '2014-05-12'),
(294, 'T4', 'app', 60, '0', 'non', 1, '87100', 1, '112924.00 ', '100502.36 ', '2013-12-10', '2015-01-13'),
(295, 'T4', 'app', 178, '0', 'oui', 3, '87280', 1, '173619.00 ', '138895.20 ', '2013-09-30', '2014-07-20'),
(296, 'T4', 'app', 176, '0', 'non', 1, '23100', 3, '197251.00 ', '171608.37 ', '2014-04-03', '2015-01-07'),
(297, 'T4', 'app', 174, '0', 'oui', 3, '87800', 1, '175596.00 ', '149256.60 ', '2013-11-21', '2014-11-09'),
(298, 'T4', 'app', 172, '0', 'oui', 3, '87280', 1, '77932.00 ', '64683.56 ', '2013-11-09', '2014-07-14'),
(299, 'T4', 'app', 170, '0', 'non', 3, '87800', 1, '159091.00 ', '159091.00 ', '2014-06-13', '2015-07-18'),
(300, 'T4', 'app', 167, '0', 'non', 2, '87800', 1, '77754.00 ', '60648.12 ', '2014-08-04', '2016-04-13'),
(301, 'T4', 'app', 161, '0', 'non', 3, '87450', 1, '134350.00 ', '131663.00 ', '2014-02-06', '2014-12-13'),
(302, 'T4', 'app', 159, '0', 'non', 1, '19360', 2, '72121.00 ', '62745.27 ', '2014-03-16', '2014-09-20'),
(303, 'T4', 'app', 155, '0', 'non', 2, '19100', 2, '204975.00 ', '153731.25 ', '2014-04-01', '2015-07-23'),
(304, 'T4', 'app', 154, '0', 'non', 1, '87280', 1, '82556.00 ', '63568.12 ', '2013-10-17', '2014-09-15'),
(305, 'T4', 'app', 145, '0', 'non', 1, '87000', 1, '118472.00 ', '99516.48 ', '2013-12-12', '2014-09-22'),
(306, 'T4', 'app', 143, '0', 'non', 4, '87280', 1, '143413.00 ', '108993.88 ', '2014-02-19', '2014-12-09'),
(307, 'T4', 'app', 143, '0', 'oui', 1, '19100', 2, '60413.00 ', '54975.83 ', '2013-10-13', '2014-05-11'),
(308, 'T4', 'app', 141, '0', 'oui', 3, '19100', 2, '65915.00 ', '50095.40 ', '2013-12-27', '2015-11-02'),
(309, 'T4', 'app', 141, '0', 'non', 1, '87450', 1, '58136.00 ', '43602.00 ', '2014-08-09', '2015-04-15'),
(310, 'T4', 'app', 133, '0', 'non', 3, '87100', 1, '68923.00 ', '52381.48 ', '2013-09-15', '2015-05-06'),
(311, 'T4', 'app', 126, '0', 'oui', 3, '87800', 1, '113750.00 ', '113750.00 ', '2013-12-15', '2014-06-19'),
(312, 'T4', 'app', 114, '0', 'oui', 1, '87100', 1, '63060.00 ', '63060.00 ', '2013-11-22', '2014-06-28'),
(313, 'T4', 'app', 101, '0', 'oui', 2, '87000', 1, '96020.00 ', '93139.40 ', '2014-04-13', '2014-11-24'),
(314, 'T4', 'app', 87, '0', 'non', 3, '19360', 2, '60415.00 ', '53769.35 ', '2014-06-09', '2014-10-10'),
(315, 'T4', 'app', 83, '0', 'non', 1, '87000', 1, '60557.00 ', '59345.86 ', '2014-06-28', '2015-05-05'),
(316, 'T4', 'app', 80, '0', 'oui', 1, '87100', 1, '77610.00 ', '76833.90 ', '2014-03-28', '2015-09-30'),
(317, 'T4', 'app', 78, '0', 'oui', 1, '87450', 1, '63552.00 ', '63552.00 ', '2014-01-17', '2015-02-25'),
(318, 'T4', 'app', 75, '0', 'non', 1, '87450', 1, '83424.00 ', '69241.92 ', '2014-05-27', '2015-06-24'),
(319, 'T4', 'app', 74, '0', 'non', 3, '87450', 1, '92300.00 ', '69225.00 ', '2014-06-30', '2014-12-29'),
(320, 'T4', 'app', 65, '0', 'oui', 2, '87800', 1, '62189.00 ', '47885.53 ', '2014-02-24', '2015-11-08'),
(321, 'T5', 'maison', 178, '342', 'non', 1, '87280', 1, '280102.00 ', '271698.94 ', '2013-05-23', '2013-10-14'),
(322, 'T5', 'app', 176, '0', 'oui', 1, '87000', 1, '260687.00 ', '229404.56 ', '2013-11-28', '2015-09-15'),
(323, 'T5', 'app', 174, '0', 'non', 1, '87280', 1, '349353.00 ', '286469.46 ', '2014-03-19', '2015-03-19'),
(324, 'T5', 'app', 174, '0', 'oui', 3, '23100', 3, '278662.00 ', '222929.60 ', '2013-09-18', '2015-07-22'),
(325, 'T5', 'maison', 171, '68', 'oui', 3, '19100', 2, '236634.00 ', '191673.54 ', '2013-08-13', '2014-03-22'),
(326, 'T5', 'app', 167, '0', 'non', 1, '87280', 1, '275283.00 ', '222979.23 ', '2014-07-05', '2015-08-09'),
(327, 'T5', 'maison', 166, '1472', 'non', 1, '87450', 1, '209032.00 ', '188128.80 ', '2013-04-14', '2015-02-11'),
(328, 'T5', 'maison', 162, '1530', 'oui', 2, '87000', 1, '213751.00 ', '185963.37 ', '2013-04-18', '2014-04-30'),
(329, 'T5', 'maison', 159, '1426', 'oui', 2, '19360', 2, '198340.00 ', '196356.60 ', '2013-07-04', '2013-09-19'),
(330, 'T5', 'app', 154, '0', 'non', 1, '87100', 1, '343829.00 ', '268186.62 ', '2014-05-29', '2015-07-12'),
(331, 'T5', 'maison', 154, '688', 'non', 1, '87800', 1, '182723.00 ', '179068.54 ', '2013-07-26', '2014-01-26'),
(332, 'T5', 'app', 153, '0', 'oui', 2, '23100', 3, '174084.00 ', '156675.60 ', '2013-11-01', '2015-03-14'),
(333, 'T5', 'maison', 151, '580', 'oui', 3, '87450', 1, '184428.00 ', '182583.72 ', '2013-07-17', '2015-01-01'),
(334, 'T5', 'app', 149, '0', 'non', 2, '87000', 1, '201071.00 ', '191017.45 ', '2014-03-08', '2016-01-18'),
(335, 'T5', 'app', 148, '0', 'non', 3, '87000', 1, '361266.00 ', '281787.48 ', '2014-07-24', '2015-11-02'),
(336, 'T5', 'app', 147, '0', 'non', 1, '87000', 1, '172345.00 ', '162004.30 ', '2014-07-22', '2016-04-24'),
(337, 'T5', 'maison', 134, '1242', 'non', 4, '87280', 1, '203386.00 ', '191182.84 ', '2013-06-12', '2015-05-11'),
(338, 'T5', 'app', 131, '0', 'non', 1, '87100', 1, '251010.00 ', '225909.00 ', '2014-01-05', '2014-11-14'),
(339, 'T5', 'app', 129, '0', 'non', 1, '19100', 2, '219376.00 ', '164532.00 ', '2013-12-17', '2015-09-07'),
(340, 'T5', 'app', 127, '0', 'oui', 3, '19100', 2, '346811.00 ', '270512.58 ', '2014-02-09', '2015-05-17'),
(341, 'T5', 'maison', 127, '566', 'non', 1, '19100', 2, '155122.00 ', '136507.36 ', '2013-08-06', '2015-02-03'),
(342, 'T5', 'app', 126, '0', 'non', 4, '87800', 1, '140171.00 ', '133162.45 ', '2014-03-27', '2014-10-18'),
(343, 'T5', 'app', 121, '0', 'non', 1, '23100', 3, '352562.00 ', '331408.28 ', '2014-02-28', '2015-10-01'),
(344, 'T5', 'maison', 118, '1617', 'oui', 3, '87800', 1, '196450.00 ', '196450.00 ', '2013-04-07', '2013-10-08'),
(345, 'T5', 'app', 116, '0', 'oui', 2, '87800', 1, '300492.00 ', '243398.52 ', '2014-04-06', '2015-04-10'),
(346, 'T5', 'app', 115, '0', 'oui', 1, '19360', 2, '167637.00 ', '150873.30 ', '2014-02-10', '2015-02-27'),
(347, 'T5', 'app', 110, '0', 'non', 1, '87000', 1, '204185.00 ', '191933.90 ', '2014-08-01', '2015-01-03'),
(348, 'T5', 'app', 109, '0', 'non', 1, '87450', 1, '197533.00 ', '171853.71 ', '2013-11-10', '2014-05-01'),
(349, 'T5', 'maison', 107, '95', 'oui', 1, '87100', 1, '379507.00 ', '296015.46 ', '2013-08-02', '2013-11-23'),
(350, 'T5', 'app', 106, '0', 'non', 1, '87800', 1, '315007.00 ', '305556.79 ', '2014-08-10', '2015-08-28'),
(351, 'T5', 'app', 105, '0', 'oui', 1, '87100', 1, '159798.00 ', '147014.16 ', '2013-12-16', '2014-09-09'),
(352, 'T5', 'maison', 104, '1153', 'non', 2, '19360', 2, '257597.00 ', '224109.39 ', '2013-07-11', '2015-02-25'),
(353, 'T5', 'maison', 104, '472', 'non', 1, '87450', 1, '186095.00 ', '165624.55 ', '2013-05-10', '2015-02-25'),
(354, 'T5', 'app', 101, '0', 'oui', 3, '23100', 3, '185532.00 ', '146570.28 ', '2014-03-17', '2015-04-10'),
(355, 'T5', 'app', 97, '0', 'oui', 3, '87280', 1, '264860.00 ', '211888.00 ', '2014-04-14', '2015-11-05'),
(356, 'T5', 'app', 92, '0', 'non', 1, '87100', 1, '225807.00 ', '200968.23 ', '2014-01-22', '2015-07-11'),
(357, 'T5', 'maison', 90, '372', 'non', 4, '87000', 1, '140175.00 ', '106533.00 ', '2013-07-06', '2015-04-11'),
(358, 'T5', 'maison', 89, '267', 'oui', 2, '87100', 1, '330171.00 ', '323567.58 ', '2013-05-12', '2013-09-23'),
(359, 'T5', 'maison', 88, '141', 'non', 1, '87000', 1, '337526.00 ', '330775.48 ', '2013-06-25', '2013-11-06'),
(360, 'T5', 'maison', 88, '306', 'oui', 3, '19100', 2, '182684.00 ', '155281.40 ', '2013-05-21', '2014-01-21'),
(361, 'T5', 'maison', 87, '538', 'oui', 1, '87450', 1, '179165.00 ', '148706.95 ', '2013-04-20', '2014-01-16'),
(362, 'T5', 'app', 86, '0', 'non', 3, '87100', 1, '140700.00 ', '136479.00 ', '2014-01-13', '2014-05-13'),
(363, 'T5', 'app', 82, '0', 'non', 1, '87100', 1, '241594.00 ', '239178.06 ', '2013-09-08', '2015-07-19'),
(364, 'T5', 'app', 82, '0', 'non', 1, '87800', 1, '153382.00 ', '121171.78 ', '2013-12-25', '2015-04-25'),
(365, 'T5', 'maison', 81, '1682', 'oui', 3, '87280', 1, '198267.00 ', '198267.00 ', '2013-08-17', '2015-03-03'),
(366, 'T5', 'app', 80, '0', 'oui', 2, '19360', 2, '158438.00 ', '133087.92 ', '2014-01-31', '2014-07-03'),
(367, 'T5', 'app', 80, '0', 'non', 1, '19100', 2, '128726.00 ', '97831.76 ', '2013-08-31', '2014-02-20'),
(368, 'T5', 'app', 79, '0', 'non', 2, '19100', 2, '295787.00 ', '221840.25 ', '2014-05-12', '2016-02-26'),
(369, 'T5', 'app', 78, '0', 'non', 3, '87800', 1, '278189.00 ', '225333.09 ', '2014-05-20', '2015-04-22'),
(370, 'T5', 'app', 76, '0', 'non', 1, '87800', 1, '181073.00 ', '150290.59 ', '2014-05-10', '2015-11-18'),
(371, 'T5', 'maison', 75, '772', 'oui', 1, '23100', 3, '381828.00 ', '316917.24 ', '2013-08-08', '2015-04-21'),
(372, 'T5', 'maison', 75, '1589', 'non', 1, '19100', 2, '314995.00 ', '299245.25 ', '2013-04-09', '2014-09-13'),
(373, 'T5', 'maison', 75, '1762', 'oui', 2, '19100', 2, '218264.00 ', '218264.00 ', '2013-07-28', '2014-11-11'),
(374, 'T5', 'maison', 73, '1713', 'non', 1, '87280', 1, '222149.00 ', '182162.18 ', '2013-06-03', '2013-12-27'),
(375, 'T5', 'app', 73, '0', 'non', 4, '23100', 3, '148573.00 ', '138172.89 ', '2013-10-22', '2014-11-04'),
(376, 'T5', 'maison', 67, '651', 'non', 1, '23100', 3, '313238.00 ', '263119.92 ', '2013-06-08', '2014-08-30'),
(377, 'T5', 'maison', 66, '1257', 'non', 1, '87000', 1, '94989.00 ', '83590.32 ', '2013-04-29', '2014-03-31'),
(378, 'T5', 'app', 65, '0', 'non', 1, '87000', 1, '330442.00 ', '304006.64 ', '2014-07-04', '2016-03-10'),
(379, 'T5', 'app', 64, '0', 'oui', 2, '19100', 2, '289968.00 ', '272569.92 ', '2013-09-26', '2014-01-11'),
(380, 'T5', 'maison', 63, '1508', 'non', 1, '23100', 3, '164146.00 ', '123109.50 ', '2013-07-22', '2014-04-23'),
(381, 'T5', 'maison', 61, '1481', 'non', 1, '23100', 3, '326097.00 ', '267399.54 ', '2013-06-01', '2013-09-21'),
(382, 'T5', 'maison', 177, '953', 'oui', 1, '87800', 1, '123642.00 ', '107568.54 ', '2013-05-28', '2015-02-22'),
(383, 'T5', 'maison', 176, '1505', 'oui', 3, '87800', 1, '94945.00 ', '88298.85 ', '2013-05-01', '2013-10-28'),
(384, 'T5', 'app', 173, '120', 'non', 1, '87450', 1, '88692.00 ', '79822.80 ', '2013-08-20', '2014-04-19'),
(385, 'T5', 'app', 168, '0', 'oui', 3, '87800', 1, '178473.00 ', '146347.86 ', '2013-08-29', '2015-07-24'),
(386, 'T5', 'app', 165, '0', 'oui', 1, '19100', 2, '168547.00 ', '141579.48 ', '2014-01-23', '2014-04-26'),
(387, 'T5', 'maison', 165, '1055', 'non', 4, '87100', 1, '66471.00 ', '55170.93 ', '2013-04-25', '2013-11-06'),
(388, 'T5', 'app', 160, '0', 'non', 1, '19360', 2, '166607.00 ', '128287.39 ', '2014-06-16', '2016-04-14'),
(389, 'T5', 'maison', 158, '442', 'oui', 3, '87000', 1, '73626.00 ', '59637.06 ', '2013-05-06', '2013-08-13'),
(390, 'T5', 'app', 156, '0', 'non', 2, '87100', 1, '189655.00 ', '151724.00 ', '2014-08-11', '2014-12-26'),
(391, 'T5', 'app', 138, '0', 'non', 1, '87450', 1, '152325.00 ', '130999.50 ', '2014-01-03', '2014-10-31'),
(392, 'T5', 'maison', 128, '1304', 'oui', 1, '87000', 1, '114726.00 ', '111284.22 ', '2013-07-15', '2014-01-26'),
(393, 'T5', 'maison', 117, '1097', 'oui', 3, '87100', 1, '92305.00 ', '81228.40 ', '2013-06-23', '2014-06-20'),
(394, 'T5', 'app', 111, '0', 'oui', 3, '87000', 1, '134187.00 ', '107349.60 ', '2014-02-18', '2015-08-20'),
(395, 'T5', 'app', 109, '0', 'non', 4, '19360', 2, '96351.00 ', '73226.76 ', '2014-07-13', '2015-11-05'),
(396, 'T5', 'app', 106, '0', 'oui', 3, '87280', 1, '109530.00 ', '90909.90 ', '2013-10-24', '2014-08-29'),
(397, 'T5', 'maison', 106, '1487', 'oui', 3, '19100', 2, '103202.00 ', '77401.50 ', '2013-06-30', '2014-10-16'),
(398, 'T5', 'maison', 105, '64', 'non', 1, '87000', 1, '86840.00 ', '79892.80 ', '2013-06-19', '2015-03-24'),
(399, 'T5', 'maison', 99, '884', 'oui', 3, '87800', 1, '112407.00 ', '96670.02 ', '2013-06-14', '2015-02-06'),
(400, 'T5', 'maison', 84, '1217', 'oui', 2, '87280', 1, '66427.00 ', '50484.52 ', '2013-05-17', '2013-10-12'),
(401, 'T6', 'maison', 173, '778', 'non', 1, '87100', 1, '214717.00 ', '210422.66 ', '2013-08-12', '2014-10-25'),
(402, 'T6', 'maison', 163, '535', 'non', 3, '87800', 1, '311356.00 ', '270879.72 ', '2013-04-24', '2013-08-29'),
(403, 'T6', 'maison', 154, '440', 'oui', 2, '87100', 1, '290456.00 ', '290456.00 ', '2013-06-29', '2014-04-04'),
(404, 'T6', 'maison', 145, '1073', 'oui', 3, '87000', 1, '372856.00 ', '343027.52 ', '2013-06-02', '2015-01-28'),
(405, 'T6', 'maison', 143, '516', 'oui', 1, '23100', 3, '180904.00 ', '171858.80 ', '2013-04-28', '2013-08-17'),
(406, 'T6', 'maison', 140, '765', 'non', 1, '87100', 1, '270706.00 ', '230100.10 ', '2013-07-27', '2014-09-12'),
(407, 'T6', 'maison', 139, '1278', 'oui', 2, '87000', 1, '374283.00 ', '325626.21 ', '2013-08-16', '2014-10-17'),
(408, 'T6', 'maison', 132, '1566', 'non', 3, '23100', 3, '367415.00 ', '338021.80 ', '2013-07-05', '2013-12-16'),
(409, 'T6', 'maison', 132, '439', 'non', 1, '87000', 1, '155769.00 ', '138634.41 ', '2013-05-16', '2015-01-13'),
(410, 'T6', 'maison', 130, '1586', 'non', 1, '19100', 2, '197448.00 ', '185601.12 ', '2013-07-03', '2015-01-30'),
(411, 'T6', 'maison', 124, '260', 'oui', 3, '23100', 3, '264824.00 ', '243638.08 ', '2013-06-18', '2013-10-26'),
(412, 'T6', 'maison', 121, '1222', 'oui', 2, '87800', 1, '138539.00 ', '127455.88 ', '2013-06-22', '2013-11-15'),
(413, 'T6', 'maison', 115, '1319', 'oui', 3, '87280', 1, '131537.00 ', '126275.52 ', '2013-05-09', '2014-03-12'),
(414, 'T6', 'maison', 108, '684', 'oui', 3, '87100', 1, '249747.00 ', '209787.48 ', '2013-08-05', '2015-06-06'),
(415, 'T6', 'maison', 106, '1537', 'oui', 1, '87000', 1, '365570.00 ', '365570.00 ', '2013-05-22', '2015-03-27'),
(416, 'T6', 'maison', 106, '442', 'oui', 1, '19360', 2, '323572.00 ', '320336.28 ', '2013-06-07', '2013-09-28'),
(417, 'T6', 'maison', 106, '223', 'non', 1, '19100', 2, '208143.00 ', '197735.85 ', '2013-05-27', '2014-06-05'),
(418, 'T6', 'maison', 90, '1660', 'non', 4, '19100', 2, '290132.00 ', '226302.96 ', '2013-06-24', '2014-06-05'),
(419, 'T6', 'maison', 87, '451', 'non', 2, '87450', 1, '294242.00 ', '223623.92 ', '2013-04-06', '2014-08-31'),
(420, 'T6', 'maison', 87, '342', 'non', 1, '87800', 1, '109561.00 ', '94222.46 ', '2013-05-11', '2013-11-03'),
(421, 'T6', 'maison', 85, '1759', 'oui', 3, '87800', 1, '223316.00 ', '192051.76 ', '2013-08-01', '2015-03-02'),
(422, 'T6', 'maison', 84, '124', 'non', 4, '19360', 2, '372560.00 ', '350206.40 ', '2013-05-31', '2015-01-14'),
(423, 'T6', 'maison', 82, '763', 'oui', 2, '87280', 1, '106764.00 ', '91817.04 ', '2013-07-16', '2014-02-20'),
(424, 'T6', 'maison', 75, '1138', 'oui', 2, '23100', 3, '194972.00 ', '194972.00 ', '2013-05-05', '2014-08-01'),
(425, 'T6', 'maison', 68, '1189', 'non', 1, '19360', 2, '312435.00 ', '249948.00 ', '2013-08-07', '2014-05-15'),
(426, 'T6', 'maison', 67, '214', 'non', 4, '87280', 1, '108245.00 ', '88760.90 ', '2013-04-13', '2013-10-10'),
(427, 'T6', 'maison', 66, '783', 'non', 1, '19100', 2, '316291.00 ', '290987.72 ', '2013-04-17', '2013-07-21'),
(428, 'T6', 'maison', 65, '1063', 'non', 2, '87280', 1, '82085.00 ', '66488.85 ', '2013-04-30', '2013-07-16'),
(429, 'T6', 'maison', 177, '994', 'non', 3, '87000', 1, '80959.00 ', '63957.61 ', '2013-06-11', '2014-04-16'),
(430, 'T6', 'maison', 172, '566', 'non', 1, '19100', 2, '83644.00 ', '67751.64 ', '2013-07-10', '2014-03-15'),
(431, 'T6', 'maison', 157, '1396', 'non', 1, '19360', 2, '69143.00 ', '60845.84 ', '2013-07-21', '2013-11-08'),
(432, 'T6', 'maison', 145, '1359', 'non', 1, '87100', 1, '97527.00 ', '79972.14 ', '2013-04-08', '2013-10-07'),
(433, 'T6', 'maison', 144, '1526', 'oui', 1, '87450', 1, '146491.00 ', '137701.54 ', '2013-06-13', '2014-08-27'),
(434, 'T6', 'maison', 144, '556', 'oui', 3, '87280', 1, '108272.00 ', '105023.84 ', '2013-04-19', '2014-04-14'),
(435, 'T6', 'maison', 125, '1793', 'oui', 1, '87100', 1, '118844.00 ', '96263.64 ', '2013-05-20', '2014-07-23'),
(436, 'T6', 'maison', 123, '815', 'non', 1, '87280', 1, '77997.00 ', '69417.33 ', '2013-07-14', '2015-03-08'),
(437, 'T6', 'maison', 80, '700', 'oui', 1, '87450', 1, '91530.00 ', '75054.60 ', '2013-07-25', '2015-03-27'),
(438, 'T7', 'maison', 178, '903', 'oui', 3, '87280', 1, '378538.00 ', '336898.82 ', '2013-08-10', '2013-11-04'),
(439, 'T7', 'maison', 178, '744', 'oui', 3, '19100', 2, '322476.00 ', '254756.04 ', '2013-06-06', '2015-01-03'),
(440, 'T7', 'maison', 174, '658', 'non', 1, '87100', 1, '328891.00 ', '289424.08 ', '2013-04-16', '2014-12-01'),
(441, 'T7', 'maison', 171, '409', 'non', 1, '23100', 3, '260257.00 ', '244641.58 ', '2013-05-15', '2014-04-29'),
(442, 'T7', 'maison', 167, '786', 'oui', 3, '87800', 1, '185022.00 ', '175770.90 ', '2013-05-25', '2015-01-20'),
(443, 'T7', 'maison', 161, '951', 'oui', 1, '19360', 2, '379715.00 ', '326554.90 ', '2013-05-04', '2014-07-21'),
(444, 'T7', 'maison', 148, '674', 'non', 4, '87800', 1, '266354.00 ', '229064.44 ', '2013-08-11', '2013-11-28'),
(445, 'T7', 'maison', 145, '603', 'oui', 3, '19100', 2, '380160.00 ', '326937.60 ', '2013-05-30', '2015-04-01'),
(446, 'T7', 'maison', 138, '1513', 'oui', 2, '23100', 3, '363551.00 ', '341737.94 ', '2013-04-11', '2014-08-05'),
(447, 'T7', 'maison', 136, '799', 'oui', 2, '87100', 1, '355089.00 ', '287622.09 ', '2013-06-05', '2014-05-12'),
(448, 'T7', 'maison', 129, '605', 'non', 1, '23100', 3, '298258.00 ', '253519.30 ', '2013-08-15', '2015-04-10'),
(449, 'T7', 'maison', 121, '625', 'non', 1, '87280', 1, '346131.00 ', '335747.07 ', '2013-04-05', '2014-11-05'),
(450, 'T7', 'maison', 117, '897', 'oui', 1, '87450', 1, '383797.00 ', '356931.21 ', '2013-07-31', '2015-04-13'),
(451, 'T7', 'maison', 115, '463', 'non', 1, '19100', 2, '299620.00 ', '269658.00 ', '2013-06-16', '2014-07-28'),
(452, 'T7', 'maison', 114, '435', 'non', 4, '87280', 1, '213679.00 ', '207268.63 ', '2013-07-30', '2014-05-11'),
(453, 'T7', 'maison', 105, '542', 'oui', 3, '87800', 1, '309313.00 ', '278381.70 ', '2013-07-08', '2013-09-26'),
(454, 'T7', 'maison', 97, '816', 'non', 1, '87100', 1, '336039.00 ', '252029.25 ', '2013-07-19', '2013-10-15'),
(455, 'T7', 'maison', 92, '1258', 'non', 4, '87800', 1, '231320.00 ', '203561.60 ', '2013-05-19', '2015-01-11'),
(456, 'T7', 'maison', 89, '356', 'non', 1, '87800', 1, '240660.00 ', '192528.00 ', '2013-06-28', '2014-07-05'),
(457, 'T7', 'maison', 83, '1463', 'oui', 3, '19100', 2, '320388.00 ', '259514.28 ', '2013-07-20', '2014-12-06'),
(458, 'T7', 'maison', 80, '765', 'non', 1, '19100', 2, '334926.00 ', '334926.00 ', '2013-05-03', '2014-08-26'),
(459, 'T7', 'maison', 77, '119', 'non', 1, '87450', 1, '361306.00 ', '328788.46 ', '2013-06-27', '2013-10-18'),
(460, 'T7', 'maison', 73, '975', 'oui', 3, '19360', 2, '353704.00 ', '293574.32 ', '2013-04-27', '2015-02-07'),
(461, 'T7', 'maison', 67, '1600', 'non', 1, '87000', 1, '237760.00 ', '225872.00 ', '2013-07-13', '2014-04-16'),
(462, 'T7', 'maison', 63, '740', 'oui', 2, '87280', 1, '129511.00 ', '107494.13 ', '2013-06-10', '2015-05-03'),
(463, 'T7', 'maison', 180, '487', 'non', 1, '87100', 1, '147474.00 ', '147474.00 ', '2013-05-26', '2013-09-03'),
(464, 'T7', 'maison', 175, '139', 'non', 1, '87000', 1, '144876.00 ', '121695.84 ', '2013-05-08', '2013-11-25'),
(465, 'T7', 'maison', 173, '633', 'oui', 3, '87280', 1, '65143.00 ', '52114.40 ', '2013-07-24', '2013-11-15'),
(466, 'T7', 'maison', 171, '591', 'oui', 1, '19360', 2, '200655.00 ', '152497.80 ', '2013-05-14', '2014-12-13'),
(467, 'T7', 'maison', 165, '344', 'non', 2, '87800', 1, '175617.00 ', '152786.79 ', '2013-08-04', '2014-07-18'),
(468, 'T7', 'maison', 164, '300', 'oui', 3, '87000', 1, '135379.00 ', '105595.62 ', '2013-04-12', '2014-09-06');
INSERT INTO `Bien` (`Number`, `type`, `nature`, `superficie`, `jardin`, `garage`, `secteurID`, `CP`, `depId`, `prix estimation`, `prix vente`, `date annonce`, `date vente`) VALUES
(469, 'T7', 'maison', 162, '831', 'non', 1, '87100', 1, '79290.00 ', '73739.70 ', '2013-07-02', '2014-09-29'),
(470, 'T7', 'maison', 159, '1345', 'non', 2, '19360', 2, '78042.00 ', '72579.06 ', '2013-06-17', '2015-02-21'),
(471, 'T7', 'maison', 131, '602', 'oui', 1, '87450', 1, '106534.00 ', '91619.24 ', '2013-06-21', '2014-02-07'),
(472, 'T7', 'maison', 111, '90', 'non', 1, '87100', 1, '100155.00 ', '84130.20 ', '2013-04-22', '2014-07-22'),
(473, 'T7', 'maison', 90, '385', 'oui', 1, '87100', 1, '73840.00 ', '70148.00 ', '2013-07-09', '2015-06-01'),
(474, 'T7', 'maison', 82, '1745', 'oui', 2, '19100', 2, '84958.00 ', '74763.04 ', '2013-04-23', '2014-07-14'),
(475, 'T8', 'maison', 75, '1608', 'oui', 2, '87000', 1, '217659.00 ', '182833.56 ', '2013-07-23', '2014-12-25'),
(476, 'T8', 'maison', 84, '1608', 'oui', 2, '87000', 1, '126354.00 ', '114982.14 ', '2013-08-09', '2015-02-28'),
(477, 'T8', 'maison', 94, '682', 'oui', 2, '87100', 1, '151386.00 ', '136247.40 ', '2013-05-29', '2015-03-12'),
(478, 'T8', 'maison', 100, '1251', 'oui', 1, '87280', 1, '194917.00 ', '159831.94 ', '2013-07-07', '2013-12-24'),
(479, 'T8', 'maison', 103, '764', 'oui', 1, '19360', 2, '194675.00 ', '182994.50 ', '2013-04-10', '2013-10-06'),
(480, 'T8', 'maison', 149, '801', 'oui', 3, '19100', 2, '215380.00 ', '167996.40 ', '2013-05-13', '2015-01-01'),
(481, 'T8', 'maison', 143, '392', 'non', 1, '87280', 1, '319209.00 ', '252175.11 ', '2013-06-20', '2013-10-03'),
(482, 'T8', 'maison', 140, '185', 'non', 1, '87100', 1, '330128.00 ', '287211.36 ', '2013-05-02', '2013-12-21'),
(483, 'T8', 'maison', 118, '648', 'non', 1, '87800', 1, '278297.00 ', '217071.66 ', '2013-06-04', '2014-12-16'),
(484, 'T8', 'maison', 160, '562', 'oui', 1, '87100', 1, '312725.00 ', '303343.25 ', '2013-06-15', '2015-02-28'),
(485, 'T8', 'maison', 113, '465', 'non', 1, '19100', 2, '307353.00 ', '230514.75 ', '2013-08-03', '2015-02-01'),
(486, 'T8', 'maison', 107, '167', 'non', 3, '87450', 1, '251484.00 ', '233880.12 ', '2013-05-18', '2014-08-07'),
(487, 'T8', 'maison', 106, '1775', 'non', 4, '87800', 1, '152476.00 ', '126555.08 ', '2013-07-18', '2015-05-11'),
(488, 'T8', 'maison', 103, '1228', 'non', 1, '19360', 2, '305295.00 ', '302242.05 ', '2013-08-14', '2014-09-25'),
(489, 'T8', 'maison', 164, '1635', 'oui', 1, '87000', 1, '356810.00 ', '299720.40 ', '2013-04-04', '2015-01-02'),
(490, 'T8', 'maison', 101, '588', 'non', 1, '87800', 1, '288733.00 ', '225211.74 ', '2013-04-21', '2014-05-11'),
(491, 'T8', 'maison', 173, '1033', 'oui', 3, '23100', 3, '319850.00 ', '319850.00 ', '2013-07-12', '2015-01-30'),
(492, 'T8', 'maison', 175, '92', 'oui', 3, '87800', 1, '352031.00 ', '337949.76 ', '2013-04-15', '2013-08-15'),
(493, 'T8', 'maison', 91, '1342', 'non', 2, '87450', 1, '249288.00 ', '231837.84 ', '2013-05-24', '2014-11-27'),
(494, 'T8', 'maison', 87, '474', 'non', 3, '87000', 1, '328006.00 ', '275525.04 ', '2013-07-29', '2015-02-15'),
(495, 'T8', 'maison', 76, '1390', 'non', 1, '87000', 1, '253813.00 ', '238584.22 ', '2013-06-09', '2013-08-29'),
(496, 'T8', 'maison', 65, '1764', 'non', 4, '87280', 1, '228559.00 ', '219416.64 ', '2013-05-07', '2013-12-19'),
(497, 'T8', 'maison', 114, '1390', 'oui', 3, '87280', 1, '80335.00 ', '61857.95 ', '2013-06-26', '2014-05-23'),
(498, 'T8', 'maison', 175, '1418', 'oui', 1, '87800', 1, '169100.00 ', '164027.00 ', '2013-07-01', '2014-07-26'),
(499, 'T8', 'maison', 177, '1127', 'oui', 1, '19100', 2, '183780.00 ', '150699.60 ', '2013-04-26', '2013-08-25');

-- --------------------------------------------------------

--
-- Structure de la table `departement`
--

CREATE TABLE `departement` (
  `id` int NOT NULL,
  `nom` varchar(12) DEFAULT NULL
) ENGINE=MyISAM DEFAULT CHARSET=latin1;

--
-- Déchargement des données de la table `departement`
--

INSERT INTO `departement` (`id`, `nom`) VALUES
(1, ' Sans Garage'),
(2, ' Sans Garage'),
(3, ' Sans Garage');

-- --------------------------------------------------------

--
-- Structure de la table `secteur`
--

CREATE TABLE `secteur` (
  `id` int NOT NULL,
  `nom` varchar(100) DEFAULT NULL
) ENGINE=InnoDB DEFAULT CHARSET=latin1;

--
-- Déchargement des données de la table `secteur`
--

INSERT INTO `secteur` (`id`, `nom`) VALUES
(1, 'nord'),
(2, 'sud'),
(3, 'ouest'),
(4, 'est');

--
-- Index pour les tables déchargées
--

--
-- Index pour la table `Bien`
--
ALTER TABLE `Bien`
  ADD PRIMARY KEY (`Number`);

--
-- Index pour la table `departement`
--
ALTER TABLE `departement`
  ADD PRIMARY KEY (`id`);

--
-- Index pour la table `secteur`
--
ALTER TABLE `secteur`
  ADD PRIMARY KEY (`id`);

--
-- AUTO_INCREMENT pour les tables déchargées
--

--
-- AUTO_INCREMENT pour la table `Bien`
--
ALTER TABLE `Bien`
  MODIFY `Number` int NOT NULL AUTO_INCREMENT, AUTO_INCREMENT=500;

--
-- AUTO_INCREMENT pour la table `departement`
--
ALTER TABLE `departement`
  MODIFY `id` int NOT NULL AUTO_INCREMENT, AUTO_INCREMENT=4;

--
-- AUTO_INCREMENT pour la table `secteur`
--
ALTER TABLE `secteur`
  MODIFY `id` int NOT NULL AUTO_INCREMENT, AUTO_INCREMENT=8;
COMMIT;

/*!40101 SET CHARACTER_SET_CLIENT=@OLD_CHARACTER_SET_CLIENT */;
/*!40101 SET CHARACTER_SET_RESULTS=@OLD_CHARACTER_SET_RESULTS */;
/*!40101 SET COLLATION_CONNECTION=@OLD_COLLATION_CONNECTION */;
